<?xml version="1.0" encoding="UTF-8"?>
<project-private xmlns="http://www.netbeans.org/ns/project-private/1">
    <editor-bookmarks xmlns="http://www.netbeans.org/ns/editor-bookmarks/2" lastBookmarkId="0"/>
    <open-files xmlns="http://www.netbeans.org/ns/projectui-open-files/2">
        <group name="Übungen">
            <file>file:/C:/Users/User/Documents/Schule/3BHIF/POS/Jg3_038_DuplicateCount/3BHIF_09_Dorian_Grantner_countwords/Jg3_038_Countwords/src/main.java</file>
            <file>file:/C:/Users/User/Documents/Schule/3BHIF/POS/Jg3_038_DuplicateCount/3BHIF_09_Dorian_Grantner_countwords/Jg3_038_Countwords/src/Producer.java</file>
            <file>file:/C:/Users/User/Documents/Schule/3BHIF/POS/Jg3_038_DuplicateCount/3BHIF_09_Dorian_Grantner_countwords/Jg3_038_Countwords/src/Consumer.java</file>
            <file>file:/C:/Users/User/Documents/Schule/3BHIF/POS/Jg3_038_DuplicateCount/3BHIF_09_Dorian_Grantner_countwords/Jg3_038_Countwords/src/Book.java</file>
            <file>file:/C:/Users/User/Documents/Schule/3BHIF/POS/Jg3_038_DuplicateCount/3BHIF_09_Dorian_Grantner_countwords/Jg3_038_Countwords/src/ThreadState.java</file>
            <file>file:/C:/Users/User/Documents/Schule/3BHIF/POS/Jg3_038_DuplicateCount/3BHIF_09_Dorian_Grantner_countwords/Jg3_038_Countwords/src/Queue.java</file>
        </group>
    </open-files>
</project-private>
